{
  "version": 1,
  "author": "Uri Shaked",
  "editor": "wokwi",
  "parts": [
    { "type": "board-esp32-devkit-c-v4", "id": "esp", "top": -37.58, "left": -96.37, "attrs": {} },
    { "type": "wokwi-dht22", "id": "dht1", "top": -28.5, "left": 42.6, "attrs": {} }
  ],
  "connections": [
    [ "esp:TX", "$serialMonitor:RX", "", [] ],
    [ "esp:RX", "$serialMonitor:TX", "", [] ],
    [ "dht1:VCC", "esp:3V3", "red", [ "v109.3", "h-170.36", "v-200.78" ] ],
    [ "esp:4", "dht1:SDA", "green", [ "h0" ] ],
    [ "esp:GND.2", "dht1:GND", "black", [ "v-0.82", "h14.81", "v144", "h67.2" ] ]
  ],
  "dependencies": {}
}